brand_name,ingredient_formula,price_usd,product_labels,product_name,ratings
WholeHearted,"Chicken Broth, Chicken, Tapioca Starch, Natural Flavor, Vitamin E Supplement.",1.82,Natural Cat Treats,"WholeHearted Chicken Recipe Puree Squeezable Cat Treats, 0.5 oz., Count of 4",4.6
WholeHearted,"Salmon, Potato, Oatmeal, Maple Syrup, Vegetable Glycerin, Gelatin, Ascorbic Acid (preservative), Citric Acid (preservative), Lecithin, Mixed Tocopherols (preservative), Vitamin A Palmitate, Riboflavin (source of Vitamin B2), Pyridoxine Hydrochloride (source of Vitamin B6), Vitamin B12 Supplement, Ascrorbic Acid (Vitamin C), Cholecalciferol (source of Vitamin D3), d-Alpha Tocopherols (source of Vitamin E), Rosemary Extract.",3.29,Natural Cat Treats,"WholeHearted Savory & Tasty Soft Cat Treats - Salmon Recipe, 3 OZ",3.5
Greenies,"Chicken Meal, Animal Fat (Preserved with Mixed Tocopherols), Brewers Rice, Ground Whole Wheat, Wheat Flour, Animal Plasma, Powdered Cellulose, Natural Flavor, Dried Plain Beet Pulp, Brewers Dried Yeast, Fruit Juice Color, Potassium Chloride, Choline Chloride, Dicalcium Phosphate, Salt, Taurine, DL-Methionine, Calcium Carbonate, Vitamin E Supplement, Zinc Sulfate, Mixed Tocopherols (preservative), Natural Tuna Flavor, Turmeric Color, Citric Acid, Ferrous Sulfate, Copper Sulfate, Vitamin A Supplement, Niacin Supplement, Vitamin B12 Supplement, Riboflavin Supplement (Vitamin B2), Rosemary Extract, Manganese Sulfate, Thiamine Mononitrate (Vitamin B1), D-Calcium Pantothenate (Vitamin B5), Pyridoxine Hydrochloride (Vitamin B6), Vitamin D3 Supplement, Biotin, Potassium Iodide, Folic Acid.",19.98,Crunchy Cat Treats,"Greenies Smartbites Healthy Indoor Tuna Flavor Natural Treats For Cats, 16 oz.",4.8
Inaba,"Chicken: Water, Chicken, Tapioca Starch, Natural Flavors, Natural Scallop Flavor, Guar Gum, Vitamin E Supplement, Taurine, Green Tea Extract. Chicken with Cheese: Water, Chicken, Cheese (Milk, Water, Phosphoric acid), Tapioca Starch, Natural Flavors, Natural Chicken Flavor, Guar Gum, Vitamin E Supplement, Taurine, Green Tea Extract. Chicken with Scallop: Water, Chicken, Tapioca Starch, Scallop, Natural Flavors, Natural Scallop Flavor, Guar Gum, Vitamin E Supplement, Taurine, Green Tea Extract. Chicken with Shrimp: Water, Chicken, Tapioca Starch, Natural Flavors, Guar Gum, Natural Shrimp Flavor, Vitamin E Supplement, Taurine, Green Tea Extract.",31.19,Soft & Chewy Cat Treats,"Inaba Churu Chicken Variety Pack Cat Treats, 25 oz., Count of 50",4.9
Leaps & Bounds,Not Provided,5.99,Catnip & Cat Grass,"Leaps & Bounds Safari Mice Cat Toys with Catnip, Pack of 3",4.5
Blue Buffalo,"Deboned Chicken, Chicken Meal, Chicken Fat, Brown Rice, Barley, Tapioca Starch, Oatmeal, Peas, Natural Flavor, Brewers Dried Yeast, Pork Fat, Dried Whey, Lecithin, preserved with Citric Acid and Mixed Tocopherols, Dried Cultured Whey, Glucono-Delta-Lactone, Potassium Chloride, Yeast Extract, DL-Methionine, Taurine, Oil of Rosemary.",8.98,Crunchy Cat Treats,"Blue Buffalo Bursts Feline Chicken Flavour Cat Treats, 12 oz.",4.8
Wellness,"Deboned Chicken, Chicken Meal, Potatoes, Chickpeas, Peas, Whitefish Meal, Cranberries, Blueberries, Chicken Fat (preserved with Mixed Tocopherols), Natural Flavor, Ground Flaxseed, Salmon Oil, Rosemary Extract, Green Tea Extract.",2.37,Cat Treats,"Wellness Kittles Crunchy Natural Grain Free Chicken & Cranberry Cat Treats, 2 oz",4.7
Leaps & Bounds,Not Provided,4.99,Catnip & Cat Grass,Leaps & Bounds Little Paws Teething Mouse Kitten Toy with Catnip,3.8
PureBites,"Chicken, water, tapioca starch, sunflower oil, tuna oil.",2.19,Cat Food Pouches,"PureBites Squeezable Skin & Coat Creamy Cat Treats, 2.5 oz.",4.9
Blue Buffalo,"Deboned Salmon, Brown Rice, Tuna Meal, Barley, Pork Fat, Tapioca Starch, Oatmeal, Salmon Meal, Natural Flavor, Deboned Cod, Peas, Shrimp, Canola Oil, Brewers Dried Yeast, Dried Whey, Lecithin, preserved with Citric Acid and Mixed Tocopherols, Dried Cultured Whey, Glucono-Delta-Lactone, Potassium Chloride, Yeast Extract, DL-Methionine, Taurine, Oil of Rosemary.",8.98,Crunchy Cat Treats,"Blue Buffalo Bursts Feline Seafood Flavour Cat Treats, 12 oz.",4.8
Blue Buffalo,"Deboned Chicken, Deboned Turkey, Potatoes, Vegetable Glycerin, Gelatin, Natural Flavor, Salt, preserved with Phosphoric Acid, Sorbic Acid, Citric Acid and Mixed Tocopherols, Oil of Rosemary.",2.96,Grain Free Cat Treats,"Blue Buffalo Blue Wilderness Chicken & Turkey Cat Treats, 2 oz.",4.5
PureBites,American Sourced Wild-Caught Human Grade Shrimp.,11.59,Crunchy Cat Treats,"PureBites Freeze Dried Shrimp Cat Treats, 0.8 oz.",4.5
Leaps & Bounds,Not Provided,12.99,Catnip & Cat Grass,"Leaps & Bounds Fuzzy Mice Cat Toys with Catnip, Medium, Pack of 12",4.6
Gimborn,Not Provided,6.99,Catnip & Cat Grass,Gimborn CatA'bout Cat Grass Plus,4.3
Tiki Cat,"Chicken, chickpea flour, tuna, vegetable glycerin, whole ground potatoes, tapioca starch, sugar, natural chicken flavor, gelatin, menhaden fish oil, citric acid (preservative), vinegar, salt, phosphoric acid, mixed tocopherols (preservative), rosemary extract.",3.59,Kitten Treats,"Tiki Cat Baby Soft & Chewy Chicken Flavored Wet Cat Treats, 2 oz.",4.1
Friskies,"Fish, Chicken Meal, Rice, Poultry By-product Meal, Corn Gluten Meal, Animal Fat Preserved With Mixed-tocopherols, Wheat Flour, Natural Flavor, Pea Starch, Barley, Salmon, Dried Yeast, Phosphoric Acid, Malted Barley Extract, Calcium Carbonate, Potassium Chloride, Salt, Choline Chloride, Dehydrated Seaweed Meal, Sunflower Meal, Vitamins (Vitamin E Supplement, Niacin (Vitamin B-3), Vitamin A Supplement, Calcium Pantothenate (Vitamin B-5), Thiamine Mononitrate (Vitamin B-1), Riboflavin Supplement (Vitamin B-2), Vitamin B-12 Supplement, Pyridoxine Hydrochloride (Vitamin B-6), Folic Acid (Vitamin B-9), Vitamin D-3 Supplement, Biotin (Vitamin B-7), Menadione Sodium Bisulfite Complex (Vitamin K)), Dried Carrots, Dried Peas, Minerals (Zinc Sulfate, Ferrous Sulfate, Manganese Sulfate, Copper Sulfate, Calcium Iodate, Sodium Selenite), Taurine, Citric Acid. E623118.",5.99,Crunchy Cat Treats,"Friskies Natural Party Mix Yums With Real Salmon Cat Treats, 20 oz.",4.9
Blue Buffalo,"Deboned Chicken, Chicken Meal, Potato Starch, Peas, Brewers Dried Yeast, Chicken Fat, Natural Flavor, Citric Acid, Potassium Chloride, preserved with Mixed Tocopherols, Oil of Rosemary.",1.94,Crunchy Cat Treats,"Blue Buffalo Blue Wilderness Chicken Flavor Crunchy Cat Treats, 2 oz.",4.8
Fancy Feast,"Liver Flavor, Beef Fat Preserved With Mixed-Tocopherols, Partially Hydrogenated Vegetable Oil, Brewers Dried Yeast, Tuna Flavor. A642421.",2.99,Cat Treats,"Fancy Feast Savory Cravings Limited Ingredient Tuna Flavor Cat Treats, 1 oz.",4.3
Applaws,Tuna Loin.,3.39,Natural Cat Treats,"Applaws Natural Whole Tuna Loin Cat Treat, 1.06 oz.",4.9
WholeHearted,"Chicken Meal, Potato Starch, Rice Flour, Bone Marrow Fat, Chicken, Tapioca, Chicken Fat (Preserved with Mixed Tocopherols), Natural Flavors, Citric Acid, Sorbic Acid (Preservative), Added Color (Caramel).",16.99,Soft & Chewy Cat Treats,"WholeHearted Chicken Flavor Soft-Filled Bites Cat Treats, 30 oz.",4.3
WholeHearted,Turkey liver.,8.99,Canned Cat Food,"WholeHearted Turkey Liver Freeze-Dried Cat Treats, 2 oz.",4.8
Petstages,Not Provided,5.59,Catnip & Cat Grass,"Petstages Crunchy Pickle Kicker Dental Catnip Cat Toy, Medium",4.4
Greenies,"Chicken, Glycerin, Wheat Flour, Wheat Gluten, Natural Catnip Flavor, Vegetable Oil, Dried Corn Syrup, Natural Flavor, Dried Chicken Liver, Vinegar, Sodium Bisulfate, Mixed Tocopherols and Citric Acid (preservatives), Rosemary Extract.",6.48,Catnip & Cat Grass,"Greenies Pill Pockets Catnip Flavor Natural Soft Cat Treats, 1.6 oz., Pack of 45",4.5
Blue Buffalo,"Salmon, Chicken Meal, Potato Starch, Peas, Brewers Dried Yeast, Chicken Fat, Natural Flavor, Citric Acid, Potassium Chloride, preserved with Mixed Tocopherols, Oil of Rosemary.",2.09,Kitten Treats,"Blue Buffalo Baby Blue Crunchies Natural Grain Free Savory Salmon Kitten Treats, 2 oz.",4.7
WholeHearted,"Chicken, Water sufficient for processing, Tapioca starch, Salt, Celery powder.",2.52,Natural Cat Treats,"WholeHearted Protein-Rich Chicken Filet Cat Treat, 1.06 oz.",4.8
Fancy Feast,"Liver Flavor, Beef Fat Preserved With Mixed-Tocopherols, Partially Hydrogenated Vegetable Oil, Brewers Dried Yeast, Natural Salmon Flavor. A642319.",4.99,Soft & Chewy Cat Treats,"Fancy Feast Limited Ingredient Savory Cravings Salmon Flavor Cat Treats, 3 oz.",4.5
Tomlyn,"Hydrolyzed Corn Starch, Malt Syrup, White Petroleum Usp, Molasses Extract, Soybean Oil, Light Mineral Oil Nf, Water, Hydrolyzed Collagen, Sodium Benzoate (Preservative), Natural And Artificial Flavors.",10.99,Catnip & Cat Grass,Tomlyn Laxatone Catnip Flavored Hairball Lubricant,4.3
Tiki Cat,"Tuna broth, tuna, dried egg, natural tuna flavor, natural chicken flavor, xanthan gum, fish extract, salt.",4.94,Grain Free Cat Treats,"Tiki Cat Stix Tuna Mousse Cat Treats, 0.5 oz., Count of 6",4.7
Temptations,"Chicken: Water, Chicken Liver, Chicken by-Product, Chicken, Pork Liver, Pork by-Product, Vegetable Oil, Glycine, Tapioca Starch, Dried Milk Protein, Xanthan Gum, Sodium Carboxymethylcellulose, Guar Gum, Cysteine, Taurine. Salmon: Water, Chicken Liver, Chicken by-Product, Salmon, Chicken, Pork Liver, Pork by-Product, Vegetable Oil, Glycine, Tapioca Starch, Dried Milk Protein, Xanthan Gum, Sodium Carboxymethylcellulose, Guar Gum, Cysteine, Taurine Please reference ingredient image for complete ingredient list.",8.98,Cat Treats,"Temptations Creamy Puree with Chicken and Salmon Lickable, Squeezable Cat Treats Variety Pack, 6.7 oz., Count of 16",4.8
Blue Buffalo,"Deboned Chicken, Deboned Salmon, Potatoes, Vegetable Glycerin, Gelatin, Natural Flavor, Salt, preserved with Phosphoric Acid, Sorbic Acid, Citric Acid and Mixed Tocopherols, Oil of Rosemary.",2.98,Grain Free Cat Treats,"Blue Buffalo Blue Wilderness Chicken & Salmon Cat Treats, 2 oz.",4.5
Greenies,"Chicken, Glycerin, Wheat Flour, Wheat Gluten, Vegetable Oil, Dried Corn Syrup, Natural Flavor, Dried Chicken Liver, Vinegar, Sodium Bisulfate, Mixed Tocopherols and Citric Acid (preservatives), Rosemary Extract.",10.98,Cat Treats,"Greenies Pill Pockets Chicken Flavor Natural Soft Cat Treats, 3 oz.",4.1
Greenies,"Chicken Meal, Ground Wheat, Brewers Rice, Corn Gluten Meal, Poultry Fat (preserved with Mixed Tocopherols), Oat Fiber, Natural Flavor, Ground Flaxseed, Brewers Dried Yeast, Potassium Chloride, Calcium Carbonate, Salt, Dried Catnip, Choline Chloride, Citric Acid (a preservative), Fruit Juice Color, Taurine, DL-Methionine, Mixed Tocopherols (a preservative), Vitamin E Supplement, Ferrous Sulfate, Turmeric Color, Zinc Sulfate, Niacin Supplement, Zinc Oxide, Copper Sulfate, D-Calcium Pantothenate (Vitamin B5), Vitamin A Supplement, Thiamine Mononitrate (Vitamin B1), Manganous Oxide, Riboflavin Supplement (Vitamin B2), Pyridoxine Hydrochloride (Vitamin B6), Biotin, Vitamin B12 Supplement, Vitamin D3 Supplement, Sodium Selenite, Folic Acid, Calcium Iodate, Cobalt Carbonate, Rosemary Extract.",3.28,Catnip & Cat Grass,"Greenies Natural Catnip Flavor Adult Dental Cat Treats, 2.1 oz.",4.6
Temptations,"Chicken By-Product Meal, Ground Corn, Animal Fat (Preserved With Mixed Tocopherols), Brewers Rice, Wheat Flour, Dried Meat By-Products, Natural Flavors, Brewers Dried Yeast, Potassium Chloride, Choline Chloride, Salt, Taurine, Dl-Methionine, Calcium Carbonate, Dl-Alpha Tocopherol Acetate (Source Of Vitamin E), Zinc Sulfate, Natural Tuna Shrimp & Salmon Flavor, Red #40, Mixed Tocopherols (Preservative), Dried Cheese, Copper Sulfate, Vitamin A Acetate, Niacin Supplement, Vitamin B12 Supplement, Riboflavin Supplement, Manganese Sulfate, Thiamine Mononitrate, D-Calcium Pantothenate, Biotin, Vitamin D3 Supplement, Potassium Iodide, Pyridoxine Hydrochloride (Vitamin B6), Folic Acid Please Reference Ingredient Image For Complete Ingredient List.",15.48,Crunchy Cat Treats,"Temptations MixUps Crunchy and Soft Cat Treats, Surfer's Delight Flavor, 30 oz.",4.7
Temptations,"Chicken By-Product Meal, Ground Corn, Animal Fat (Preserved with Mixed Tocopherols), Brewers Rice, Wheat Flour, Dried Meat By-Products, Brewers Dried Yeast, Natural Flavors, Potassium Chloride, Choline Chloride, Caramel Color, Salt, Taurine, DL-Methionine, Calcium Carbonate, Red #40, Vitamin E Supplement, Zinc Sulfate, Natural Beef Flavor, Natural Lobster Flavor, Ferrous Sulfate, Mixed Tocopherols (preservative), Dried Cheese, Copper Sulfate, Vitamin A Acetate, Citric Acid (preservative), Niacin Supplement, Vitamin B12 Supplement, Riboflavin Supplement, Manganese Sulfate, Thiamine Mononitrate, D-Calcium Pantothenate, Pyridoxine Hydrochloride (Vitamin B6), Vitamin D3 Supplement, Rosemary Extract, Biotin, Potassium Iodide, Folic Acid Please reference ingredient image for complete ingredient list.",3.98,Crunchy Cat Treats,"Temptations Seasonal Lobster and Beef Flavor Birthday Cat Treats, 6.3 oz.",4.8
KONG,Not Provided,6.99,Catnip & Cat Grass,KONG Refillables Hedgehog Cat Toy,4.8
WholeHearted,Salmon.,9.99,Cat Treats,"WholeHearted Salmon Freeze-Dried Cat Treats, 2 oz.",3.9
Temptations,"Chicken By-Product Meal, Ground Corn, Animal Fat (preserved with Mixed Tocopherols), Brewers Rice, Wheat Flour, Dried Meat By-Products, Natural Flavors, Brewers Dried Yeast, Potassium Chloride, Choline Chloride, Salt, Taurine, DL-Methionine, Calcium Carbonate, DL-Alpha Tocopherol Acetate (source of Vitamin E), Zinc Sulfate, Natural Salmon Flavor, Red #40, Mixed Tocopherols (preservative), Dried Cheese, Copper Sulfate, Vitamin A Acetate, Niacin Supplement, Vitamin B12 Supplement, Riboflavin Supplement, Manganese Sulfate, Thiamine Mononitrate, D-Calcium Pantothenate, Biotin, Vitamin D3 Supplement, Potassium Iodide, Pyridoxine Hydrochloride (Vitamin B6), Folic Acid.",8.48,Crunchy Cat Treats,"Temptations Jumbo Stuff Tasty Chicken Flavor Crunchy and Soft Cat Treats, 14 oz.",4.5
Leaps & Bounds,Not Provided,8.99,Crunchy Cat Treats,Leaps & Bounds Silvervine Sticks Cat Toy,4.0
Friskies,"Fish, Chicken Meal, Rice, Poultry By-Product Meal , Animal Fat Preserved With Mixed-Tocopherols, Barley, Corn Gluten Meal, Wheat Flour, Pea Starch, Natural Flavors, Salmon, Dried Yeast, Phosphoric Acid, Malted Barley Extract, Potassium Chloride, Sunflower Oil, Calcium Carbonate, Salt, Choline Chloride, Dehydrated Seaweed Meal, Dried Carrots, Dried Peas, VITAMINS (Vitamin E Supplement, Niacin (Vitamin B-3), Vitamin A Supplement, Calcium Pantothenate (Vitamin B-5), Thiamine Mononitrate (Vitamin B-1), Riboflavin Supplement (Vitamin B-2), Vitamin B-12 Supplement, Pyridoxine Hydrochloride (Vitamin B-6), Folic Acid (Vitamin B-9), Vitamin D-3 Supplement, Biotin (Vitamin B-7), Menadione Sodium Bisulfite Complex (Vitamin K)), Taurine, MINERALS (Zinc Sulfate, Ferrous Sulfate, Manganese Sulfate, Copper Sulfate, Calcium Iodate, Sodium Selenite), Citric Acid. F623120.",1.89,Crunchy Cat Treats,"Friskies Party Mix Natural Yums With Real Salmon and Vitamins, Minerals & Nutrients Cat Treats, 2.1 oz.",4.9
Blue Buffalo,"Deboned Chicken, Deboned Duck, Potatoes, Vegetable Glycerin, Gelatin, Natural Flavor, Salt, preserved with Phosphoric Acid, Sorbic Acid, Citric Acid and Mixed Tocopherols, Oil of Rosemary.",4.49,Cat Treats,"Blue Buffalo Blue Wilderness Chicken & Duck Cat Treats, 2 oz.",4.8
Blue Buffalo,"Salmon, Chicken Meal, Potato Starch, Peas, Brewers Dried Yeast, Chicken Fat, Natural Flavor, Citric Acid, Potassium Chloride, preserved with Mixed Tocopherols, Oil of Rosemary.",10.98,Crunchy Cat Treats,"Blue Buffalo Blue Wilderness Salmon Crunchy Cat Treats, 12 oz.",4.7
Temptations,"Chicken By-Product Meal, Ground Corn, Animal Fat (Preserved With Mixed Tocopherols), Brewers Rice, Wheat Flour, Dried Meat By-Products, Natural Flavors, Brewers Dried Yeast, Potassium Chloride, Choline Chloride, Salt, Taurine, Dl-Methionine, Calcium Carbonate, Dl-Alpha Tocopherol Acetate (Source Of Vitamin E), Zinc Sulfate, Natural Tuna Shrimp & Salmon Flavor, Red #40, Mixed Tocopherols (Preservative), Dried Cheese, Copper Sulfate, Vitamin A Acetate, Niacin Supplement, Vitamin B12 Supplement, Riboflavin Supplement, Manganese Sulfate, Thiamine Mononitrate, D-Calcium Pantothenate, Biotin, Vitamin D3 Supplement, Potassium Iodide, Pyridoxine Hydrochloride (Vitamin B6), Folic Acid Please Reference Ingredient Image For Complete Ingredient List.",23.98,Crunchy Cat Treats,"Temptations Classic Crunchy and Soft Cat Treats Tasty Chicken Flavor, 48 oz.",4.7
Temptations,"Chicken By-Product Meal, Ground Corn, Animal Fat (preserved with Mixed Tocopherols), Brewers Rice, Wheat Flour, Dried Meat By-Products, Natural Flavors, Brewers Dried Yeast, Caramel Color, Potassium Chloride, Choline Chloride, Salt, Taurine, DL-Methionine, Calcium Carbonate, DL-Alpha Tocopherol Acetate (source of Vitamin E), Zinc Sulfate, Natural Beef Flavor, Mixed Tocopherols (preservative), Dried Cheese, Copper Sulfate, Vitamin A Acetate, Niacin Supplement, Vitamin B12 Supplement, Riboflavin Supplement, Manganese Sulfate, Thiamine Mononitrate, D-Calcium Pantothenate, Biotin, Vitamin D3 Supplement, Potassium Iodide, Pyridoxine Hydrochloride (Vitamin B6), Folic Acid.",3.99,Crunchy Cat Treats,"Temptations Classic Hearty Beef Flavor Cats Treats, 6.3 oz.",4.7
Temptations,"Chicken By-Product Meal, Ground Corn, Animal Fat (preserved with Mixed Tocopherols), Brewers Rice, Wheat Flour, Dried Meat By-Products, Natural Flavors, Brewers Dried Yeast, Potassium Chloride, Choline Chloride, Salt, Caramel Color, Taurine, DL-Methionine, Calcium Carbonate, DL-Alpha Tocopherol Acetate (source of Vitamin E), Zinc Sulfate, Natural Tuna Flavor, Mixed Tocopherols (preservative), Dried Cheese, Copper Sulfate, Vitamin A Acetate, Niacin Supplement, Vitamin B12 Supplement, Riboflavin Supplement, Manganese Sulfate, Thiamine Mononitrate, D-Calcium Pantothenate, Biotin, Vitamin D3 Supplement, Potassium Iodide, Pyridoxine Hydrochloride (Vitamin B6), Folic Acid Please reference ingredient image for complete ingredient list.",15.48,Crunchy Cat Treats,"Temptations Classics Tempting Tuna Flavor Crunchy and Soft Cat Treats, 30 oz.",4.7
Blue Buffalo,"Duck, Chicken, Vegetable Glycerin, Pea Starch, Potatoes, Brewer's Dried Yeast, Dried Chicken Liver, Pea Protein, Chicken Broth, Oat Fiber, Gelatin, Natural Flavors, Distilled Vinegar, Colored with Paprika",4.98,Natural Cat Treats,"Blue Buffalo True Chews Natural Duck Chewy Cat Treats, 3 oz.",4.5
WholeHearted,Chicken Liver.,9.59,Crunchy Cat Treats,"WholeHearted Chicken Liver Freeze-Dried Cat Treats, 2 oz.",4.4
KONG,Not Provided,5.99,Catnip & Cat Grass,KONG 1OZ Premium Catnip,4.2
Blue Buffalo,"Salmon, Chicken Meal, Potato Starch, Peas, Brewers Dried Yeast, Chicken Fat, Natural Flavor, Citric Acid, Potassium Chloride, preserved with Mixed Tocopherols, Oil of Rosemary.",2.89,Cat Treats,"Blue Buffalo Blue Wilderness Salmon Flavor Crunchy Cat Treats, 2 oz.",4.7
Blue Buffalo,"Deboned Chicken, Chicken Meal, Brown Rice, Barley, Oatmeal, Peas, Chicken Fat, Natural Flavor, Glucono-Delta-Lactone, Potassium Chloride, preserved with Citric Acid and Mixed Tocopherols, Oil of Rosemary.",2.09,Crunchy Cat Treats,"Blue Buffalo Baby Blue Crunchies Natural Savory Chicken Kitten Treats, 2 oz.",4.7
WholeHearted,Tuna,2.29,Natural Cat Treats,"WholeHearted Protein-Rich Tuna Filet Cat Treat, 1 oz.",4.6
Blue Buffalo,"Deboned Chicken, Chicken Meal, Potato Starch, Peas, Brewers Dried Yeast, Chicken Fat, Natural Flavor, Citric Acid, Potassium Chloride, preserved with Mixed Tocopherols, Oil of Rosemary.",10.98,Crunchy Cat Treats,"Blue Buffalo Wilderness Chicken Crunchy Cat Treat, 12 oz.",4.7
Friskies,"Chicken By-Product Meal, Brewers Rice, Animal Fat Preserved With Mixed-Tocopherols, Corn Protein Meal, Animal Liver Flavor, Fish, Artificial And Natural Flavors, Turkey By-Product Meal, Phosphoric Acid, Calcium Carbonate, Dried Chicken Flavored Gravy, Brewers Dried Yeast, Salt, Choline Chloride, MINERALS (Zinc Sulfate, Ferrous Sulfate, Manganese Sulfate, Copper Sulfate, Calcium Iodate, Sodium Selenite), Taurine, L-Ascorbyl-2-Polyphosphate (Vitamin C), VITAMINS (Vitamin E Supplement, Niacin (Vitamin B-3), Vitamin A Supplement, Calcium Pantothenate (Vitamin B-5), Thiamine Mononitrate (Vitamin B-1), Riboflavin Supplement (Vitamin B-2), Vitamin B-12 Supplement, Pyridoxine Hydrochloride (Vitamin B-6), Folic Acid (Vitamin B-9), Vitamin D-3 Supplement, Biotin (Vitamin B-7), Menadione Sodium Bisulfite Complex (Vitamin K)), Yellow 5, Red 40, Citric Acid, Blue 2, Bha (A Preservative), Bht (A Preservative). C623321.",3.59,Crunchy Cat Treats,"Friskies Party Mix Gravylicious Crunch Chicken & Gravy Flavors Cat Treats, 6 oz.",4.9
Greenies,"Chicken Meal, Ground Wheat, Brewers Rice, Corn Gluten Meal, Poultry Fat (Preserved with Mixed Tocopherols), Oat Fiber, Natural Poultry Flavor, Ground Flaxseed, Brewers Dried Yeast, Tuna Flavor, Potassium Chloride, Calcium Carbonate, Salt, Choline Chloride, Citric Acid (a Preservative), Fruit Juice Color, Taurine, DL-Methionine, Mixed Tocopherols (a Preservative), DL-Alpha Tocopherol Acetate (Source of Vitamin E), Ferrous Sulfate, Turmeric Color, Zinc Sulfate, Niacin Supplement, Zinc Oxide, Copper Sulfate, D-Calcium Pantothenate (Vitamin B5), Vitamin A Supplement, Thiamine Mononitrate (Vitamin B1), Manganous Oxide, Riboflavin Supplement (Vitamin B2), Pyridoxine Hydrochloride (Vitamin B6), Biotin, Vitamin B12 Supplement, Vitamin D3 Supplement, Sodium Selenite, Folic Acid, Calcium Iodate, Cobalt Carbonate, Rosemary Extract.",22.98,Cat Dental Treats & Chews,"Feline Greenies Natural Tempting Tuna Flavor Adult Dental Cat Treats, 21 oz.",4.6
Friskies,Please see product packaging for details.,3.58,Crunchy Cat Treats,"Friskies Party Mix Lobster & Mac 'N' Cheese Flavors Cat Treats, 6 oz.",4.7
Temptations,"Chicken By-Product Meal, Ground Corn, Animal Fat (preserved with Mixed Tocopherols), Brewers Rice, Wheat Flour, Dried Meat By-Products, Natural Flavors, Brewers Dried Yeast, Potassium Chloride, Choline Chloride, Salt, Caramel Color, Taurine, DL-Methionine, Calcium Carbonate, DL-Alpha Tocopherol Acetate (source of Vitamin E), Zinc Sulfate, Natural Tuna Flavor, Mixed Tocopherols (preservative), Dried Cheese, Copper Sulfate, Vitamin A Acetate, Niacin Supplement, Vitamin B12 Supplement, Riboflavin Supplement, Manganese Sulfate, Thiamine Mononitrate, D-Calcium Pantothenate, Biotin, Vitamin D3 Supplement, Potassium Iodide, Pyridoxine Hydrochloride (Vitamin B6), Folic Acid Please reference ingredient image for complete ingredient list.",8.48,Crunchy Cat Treats,"Temptations Jumbo Stuff Tempting Tuna Flavor Crunchy and Soft Cat Treats, 14 oz.",4.4
WholeHearted,"Water Sufficient For Processing, Salmon, Tapioca Starch, Sunflower Oil, Natural Flavor, Guar Gum",2.99,Freeze-Dried Treats,"Whole Hearted Salmon Recipe Squeezable Puree Cat Treats, 0.5 oz., Count of 4",4.8
PureBites,"Chicken, water, pumpkin, tapioca starch, inulin.",2.19,Cat Treats,"PureBites Squeezable Gut & Digestion Creamy Cat Treats, 2.5 oz.",4.2
Friskies,"Chicken, Chicken Meal, Brewers Rice, Chicken By-Product Meal, Animal Fat Preserved With Mixed-Tocopherols, Pea Starch, Corn Protein Meal, Liver Flavor, Barley, Brewers Dried Yeast, Natural And Artificial Flavors, Cassava Root Flour, Turkey By-Product Meal, Phosphoric Acid, Calcium Carbonate, Potassium Chloride, Choline Chloride, Bacon Flavor, Salt, Taurine, L-Ascorbyl-2-Polyphosphate (Vitamin C), VITAMINS (Vitamin E Supplement, Niacin (Vitamin B-3), Vitamin A Supplement, Calcium Pantothenate (Vitamin B-5), Thiamine Mononitrate (Vitamin B-1), Riboflavin Supplement (Vitamin B-2), Vitamin B-12 Supplement, Pyridoxine Hydrochloride (Vitamin B-6), Folic Acid (Vitamin B-9), Vitamin D-3 Supplement, Biotin (Vitamin B-7), Menadione Sodium Bisulfite Complex (Vitamin K)), MINERALS (Zinc Sulfate, Ferrous Sulfate, Manganese Sulfate, Copper Sulfate, Calcium Iodate, Sodium Selenite), Yellow 5, Citric Acid, Yellow 6, Red 40, Blue 2, Bha (A Preservative), Bht (A Preservative). G619723.",3.58,Crunchy Cat Treats,"Friskies Party Mix California Crunch With Chicken Cat Treats, 6 oz.",4.8
Greenies,"Chicken Meal, Animal Fat (Preserved with Mixed Tocopherols), Brewers Rice, Ground Whole Wheat, Wheat Flour, Animal Plasma, Powdered Cellulose, Natural Flavor, Dried Plain Beet Pulp, Brewers Dried Yeast, Fruit Juice Color, Potassium Chloride, Choline Chloride, Dicalcium Phosphate, Salt, Taurine, DL-Methionine, Calcium Carbonate, Vitamin E Supplement, Zinc Sulfate, Mixed Tocopherols (preservative), Natural Tuna Flavor, Turmeric Color, Citric Acid, Ferrous Sulfate, Copper Sulfate, Vitamin A Supplement, Niacin Supplement, Vitamin B12 Supplement, Riboflavin Supplement (Vitamin B2), Rosemary Extract, Manganese Sulfate, Thiamine Mononitrate (Vitamin B1), D-Calcium Pantothenate (Vitamin B5), Pyridoxine Hydrochloride (Vitamin B6), Vitamin D3 Supplement, Biotin, Potassium Iodide, Folic Acid.",19.98,Crunchy Cat Treats,"Greenies Smartbites Healthy Indoor Chicken Flavor Natural Treats For Cats, 16 oz.",4.7
PureBites,American Sourced Human Grade Chicken Breast.,9.99,Cat Treats,"PureBites Freeze Dried Chicken Breast Cat Treats, 2.3 oz.",4.7
Friskies,"Fish, Chicken Meal, Rice, Poultry By-product Meal, Corn Gluten Meal, Animal Fat Preserved With Mixed-tocopherols, Wheat Flour, Natural Flavor, Pea Starch, Barley, Salmon, Dried Yeast, Phosphoric Acid, Malted Barley Extract, Calcium Carbonate, Potassium Chloride, Salt, Choline Chloride, Dehydrated Seaweed Meal, Sunflower Meal, Vitamins (Vitamin E Supplement, Niacin (Vitamin B-3), Vitamin A Supplement, Calcium Pantothenate (Vitamin B-5), Thiamine Mononitrate (Vitamin B-1), Riboflavin Supplement (Vitamin B-2), Vitamin B-12 Supplement, Pyridoxine Hydrochloride (Vitamin B-6), Folic Acid (Vitamin B-9), Vitamin D-3 Supplement, Biotin (Vitamin B-7), Menadione Sodium Bisulfite Complex (Vitamin K)), Dried Carrots, Dried Peas, Minerals (Zinc Sulfate, Ferrous Sulfate, Manganese Sulfate, Copper Sulfate, Calcium Iodate, Sodium Selenite), Taurine, Citric Acid. E623118.",3.84,Crunchy Cat Treats,"Friskies Party Mix Natural Yums With Real Salmon and Vitamins, Minerals & Nutrients Cat Treats, 6 oz.",4.8
Temptations,"Chicken By-Product Meal, Ground Corn, Animal Fat (Preserved With Mixed Tocopherols), Brewers Rice, Wheat Flour, Dried Meat By-Products, Natural Flavors, Brewers Dried Yeast, Potassium Chloride, Yellow #5, Blue #2, Choline Chloride, Salt, Taurine, Dl-Methionine, Calcium Carbonate, Dried Catnip, Dl-Alpha Tocopherol Acetate (Source Of Vitamin E), Zinc Sulfate, Mixed Tocopherols (Preservative), Natural Salmon Flavor, Dried Cheese, Copper Sulfate, Vitamin A Acetate, Niacin Supplement, Vitamin B12 Supplement, Riboflavin Supplement, Manganese Sulfate, Thiamine Mononitrate, D-Calcium Pantothenate, Biotin, Vitamin D3 Supplement, Potassium Iodide, Pyridoxine Hydrochloride (Vitamin B6), Folic Acid Please Reference Ingredient Image For Complete Ingredient List.",2.58,Crunchy Cat Treats,"Temptations Classic Crunchy and Soft Cat Treats Blissful Catnip Flavor, 3 oz.",4.6
Friskies,"Chicken Meal, Brewers Rice, Corn Gluten Meal, Animal Fat Preserved With Mixed-Tocopherols, Natural Flavors, Chicken, Malted Barley Extract, Phosphoric Acid, Calcium Carbonate, Potassium Chloride, Dried Yeast, Salt, Catnip, Choline Chloride, Dehydrated Seaweed Meal, Sunflower Meal, Vitamins (Vitamin E Supplement, Niacin (Vitamin B-3), Vitamin A Supplement, Calcium Pantothenate (Vitamin B-5), Thiamine Mononitrate (Vitamin B-1), Riboflavin Supplement (Vitamin B-2), Vitamin B-12 Supplement, Pyridoxine Hydrochloride (Vitamin B-6), Folic Acid (Vitamin B-9), Vitamin D-3 Supplement, Biotin (Vitamin B-7), Menadione Sodium Bisulfite Complex (Vitamin K)), Dried Carrots, Dried Peas, Minerals (Zinc Sulfate, Ferrous Sulfate, Manganese Sulfate, Copper Sulfate, Calcium Iodate, Sodium Selenite), Taurine, Citric Acid. A623718.",3.99,Catnip & Cat Grass,"Friskies Party Mix Natural Yums Catnip Flavor Cat Treats, 6 oz.",4.8
Temptations,"Chicken By-Product Meal, Ground Corn, Animal Fat (Preserved With Mixed Tocopherols), Brewers Rice, Wheat Flour, Dried Meat By-Products, Natural Flavors, Brewers Dried Yeast, Potassium Chloride, Choline Chloride, Salt, Caramel Color, Taurine, Dl-Methionine, Calcium Carbonate, Dl-Alpha Tocopherol Acetate (Source Of Vitamin E), Zinc Sulfate, Natural Tuna Flavor, Mixed Tocopherols (Preservative), Dried Cheese, Copper Sulfate, Vitamin A Acetate, Niacin Supplement, Vitamin B12 Supplement, Riboflavin Supplement, Manganese Sulfate, Thiamine Mononitrate, D-Calcium Pantothenate, Biotin, Vitamin D3 Supplement, Potassium Iodide, Pyridoxine Hydrochloride (Vitamin B6), Folic Acid Please Reference Ingredient Image For Complete Ingredient List.",3.98,Crunchy Cat Treats,"Temptations Classic Crunchy and Soft Cat Treats Tempting Tuna Flavor, 6.3 oz.",4.7
WholeHearted,"Fish Broth, Tuna, Tapioca Starch, Natural Flavor, Vitamin E Supplement",2.99,Cat Treats,"WholeHearted Tuna Recipe Puree Squeezable Cat Treats, 0.5 oz., Count of 4",4.8
Temptations,"Chicken By-Product Meal, Ground Corn, Animal Fat (Preserved With Mixed Tocopherols), Brewers Rice, Wheat Flour, Dried Meat By-Products, Natural Flavors, Brewers Dried Yeast, Potassium Chloride, Choline Chloride, Salt, Taurine, Dl-Methionine, Calcium Carbonate, Dl-Alpha Tocopherol Acetate (Source Of Vitamin E), Zinc Sulfate, Natural Tuna Shrimp & Salmon Flavor, Red #40, Mixed Tocopherols (Preservative), Dried Cheese, Copper Sulfate, Vitamin A Acetate, Niacin Supplement, Vitamin B12 Supplement, Riboflavin Supplement, Manganese Sulfate, Thiamine Mononitrate, D-Calcium Pantothenate, Biotin, Vitamin D3 Supplement, Potassium Iodide, Pyridoxine Hydrochloride (Vitamin B6), Folic Acid Please Reference Ingredient Image For Complete Ingredient List.",15.48,Crunchy Cat Treats,"Temptations Classic Crunchy and Soft Cat Treats Seafood Medley Flavor, 30 oz.",4.8
Temptations,"Chicken By-Product Meal, Ground Corn, Animal Fat (Preserved With Mixed Tocopherols), Brewers Rice, Wheat Flour, Dried Meat By-Products, Natural Flavors, Brewers Dried Yeast, Potassium Chloride, Choline Chloride, Salt, Yellow #5, Blue #2, Taurine, Dl-Methionine, Calcium Carbonate, Catnip Powder, Dl-Alpha Tocopherol Acetate (Source Of Vitamin E), Zinc Sulfate, Mixed Tocopherols (Preservative), Red #40, Dried Cheddar Cheese, Copper Sulfate, Vitamin A Acetate, Niacin Supplement, Vitamin B12 Supplement, Riboflavin Supplement, Manganese Sulfate, Thiamine Mononitrate, D-Calcium Pantothenate, Biotin, Vitamin D3 Supplement, Potassium Iodide, Pyridoxine Hydrochloride (Vitamin B6), Folic Acid Please Reference Ingredient Image For Complete Ingredient List.",8.48,Crunchy Cat Treats,"Temptations MixUps Crunchy and Soft Cat Treats Catnip Fever Flavor, 16 oz.",4.8
Friskies,"Chicken, Chicken Meal, Brewers Rice, Poultry By-Product Meal, Corn Gluten Meal, Wheat Flour, Animal Fat Preserved With Mixed-Tocopherols, Pea Starch, Natural Flavor, Barley, Dried Yeast, Phosphoric Acid, Malted Barley Extract, Calcium Carbonate, Potassium Chloride, Salt, Choline Chloride, Dehydrated Seaweed Meal, Sunflower Meal, Vitamins (Vitamin E Supplement, Niacin (Vitamin B-3), Vitamin A Supplement, Calcium Pantothenate (Vitamin B-5), Thiamine Mononitrate (Vitamin B-1), Riboflavin Supplement (Vitamin B-2), Vitamin B-12 Supplement, Pyridoxine Hydrochloride (Vitamin B-6), Folic Acid (Vitamin B-9), Vitamin D-3 Supplement, Biotin (Vitamin B-7), Menadione Sodium Bisulfite Complex (Vitamin K)), Dried Carrots, Dried Peas, Minerals (Zinc Sulfate, Ferrous Sulfate, Manganese Sulfate, Copper Sulfate, Calcium Iodate, Sodium Selenite), Taurine, Citric Acid.E623018.",3.79,Crunchy Cat Treats,"Friskies Party Mix Natural Yums With Real Chicken & Vitamins, Minerals & Nutrients Cat Treats, 6 oz.",4.9
ORIJEN,"Chicken, turkey, turkey giblets (liver, heart, gizzard), chicken liver, flounder, chicken heart, mixed tocopherols (preservative), citric acid (preservative), rosemary extract.",7.39,Grain Free Cat Treats,"ORIJEN Original Freeze-Dried Cat Treats, 1.25 oz.",4.7
Temptations,"Chicken By-Product Meal, Ground Corn, Animal Fat (Preserved With Mixed Tocopherols), Brewers Rice, Wheat Flour, Dried Meat By-Products, Natural Flavors, Brewers Dried Yeast, Potassium Chloride, Choline Chloride, Salt, Taurine, Dl-Methionine, Calcium Carbonate, Dl-Alpha Tocopherol Acetate (Source Of Vitamin E), Zinc Sulfate, Natural Tuna Shrimp & Salmon Flavor, Red #40, Mixed Tocopherols (Preservative), Dried Cheese, Copper Sulfate, Vitamin A Acetate, Niacin Supplement, Vitamin B12 Supplement, Riboflavin Supplement, Manganese Sulfate, Thiamine Mononitrate, D-Calcium Pantothenate, Biotin, Vitamin D3 Supplement, Potassium Iodide, Pyridoxine Hydrochloride (Vitamin B6), Folic Acid Please Reference Ingredient Image For Complete Ingredient List.",15.48,Crunchy Cat Treats,"Temptations Classic Crunchy and Soft Cat Treats Savory Salmon Flavor, 30 oz.",4.7
Greenies,"Chicken Meal, Ground Wheat, Brewers Rice, Corn Gluten Meal, Poultry Fat (Preserved with Mixed Tocopherols), Oat Fiber, Natural Poultry Flavor, Ground Flaxseed, Brewers Dried Yeast, Potassium Chloride, Calcium Carbonate, Salt, Choline Chloride, Citric Acid (a Preservative), Fruit Juice Color, Taurine, DL-Methionine, Mixed Tocopherols (a Preservative), DL-Alpha Tocopherol Acetate (Source of Vitamin E), Ferrous Sulfate, Turmeric Color, Zinc Sulfate, Niacin Supplement, Zinc Oxide, Copper Sulfate, D-Calcium Pantothenate (Vitamin B5), Vitamin A Supplement, Thiamine Mononitrate (Vitamin B1), Manganous Oxide, Riboflavin Supplement (Vitamin B2), Pyridoxine Hydrochloride (Vitamin B6), Biotin, Vitamin B12 Supplement, Vitamin D3 Supplement, Sodium Selenite, Folic Acid, Calcium Iodate, Cobalt Carbonate, Rosemary Extract.",22.98,Crunchy Cat Treats,"Feline Greenies Natural Oven Roasted Chicken Flavor Adult Dental Cat Treats, 21 oz.",4.7
Friskies,"Ocean Whitefish, Chicken Meal, Brewers Rice, Chicken By-Product Meal, Animal Fat Preserved With Mixed-Tocopherols, Pea Starch, Barley, Corn Protein Meal, Liver Flavor, Natural And Artificial Flavors, Cassava Root Flour, Phosphoric Acid, Calcium Carbonate, Potassium Chloride, Brewers Dried Yeast, Shrimp Meal, Crab Meal, Tuna Meal, Choline Chloride, Salt, Taurine, L-Ascorbyl-2-Polyphosphate, MINERALS (Zinc Sulfate, Ferrous Sulfate, Manganese Sulfate, Copper Sulfate, Calcium Iodate, Sodium Selenite), VITAMINS (Vitamin E Supplement, Niacin, Vitamin A Supplement, Calcium Pantothenate, Thiamine Mononitrate, Riboflavin Supplement, Vitamin B-12 Supplement, Pyridoxine Hydrochloride, Folic Acid, Vitamin D-3 Supplement, Biotin, Menadione Sodium Bisulfite Complex), Yellow 5, Citric Acid, Yellow 6, Red 40, Blue 2, Bha (A Preservative), Bht (A Preservative). I619023.",8.48,Crunchy Cat Treats,"Friskies Party Mix Beachside Crunch Cat Treats, 20 oz.",4.8
Temptations,"Chicken By-Product Meal, Ground Corn, Animal Fat (Preserved With Mixed Tocopherols), Brewers Rice, Wheat Flour, Dried Meat By-Products, Natural Flavors, Brewers Dried Yeast, Potassium Chloride, Choline Chloride, Salt, Taurine, Dl-Methionine, Calcium Carbonate, Dl-Alpha Tocopherol Acetate (Source Of Vitamin E), Zinc Sulfate, Natural Tuna Shrimp & Salmon Flavor, Red #40, Mixed Tocopherols (Preservative), Dried Cheese, Copper Sulfate, Vitamin A Acetate, Niacin Supplement, Vitamin B12 Supplement, Riboflavin Supplement, Manganese Sulfate, Thiamine Mononitrate, D-Calcium Pantothenate, Biotin, Vitamin D3 Supplement, Potassium Iodide, Pyridoxine Hydrochloride (Vitamin B6), Folic Acid Please Reference Ingredient Image For Complete Ingredient List.",8.48,Crunchy Cat Treats,"Temptations MixUps Crunchy and Soft Cat Treats Surfer's Delight Flavor, 16 oz.",4.7
Tiki Cat,"WITH CHICKEN IN CREAMY GRAVY INGREDIENTS: Chicken broth, chicken, dried egg, natural tuna flavor, natural chicken flavor, xanthan gum, fish extract, salt. WITH SALMON IN CREAMY GRAVY INGREDIENTS: Salmon broth, salmon, mackerel, dried egg, natural tuna flavor, natural chicken flavor, xanthan gum, fish extract, salt. WITH DUCK IN CREAMY GRAVY INGREDIENTS: Duck broth, duck, chicken, dried egg, natural tuna flavor, natural chicken flavor, xanthan gum, fish extract, salt.",5.49,Cat Food Toppers,"Tiki Cat Stix Treats Variety Pack, 0.5 oz., Count of 6",4.5
Friskies,"Brewers Rice, Chicken By-Product Meal, Beef Fat Preserved With Mixed-Tocopherols, Corn Protein Meal, Animal Liver Flavor, Fish, Natural And Artificial Flavors, Dried Egg Product, Dried Yeast, Phosphoric Acid, Calcium Carbonate, Potassium Chloride, Bacon Flavor, Dried Cheese Powder, Salt, Choline Chloride, Taurine, L-Ascorbyl-2-Polyphosphate (Vitamin C), VITAMINS (Vitamin E Supplement, Niacin (Vitamin B-3), Vitamin A Supplement, Calcium Pantothenate (Vitamin B-5), Thiamine Mononitrate (Vitamin B-1), Riboflavin Supplement (Vitamin B-2), Vitamin B-12 Supplement, Pyridoxine Hydrochloride (Vitamin B-6), Folic Acid, Vitamin D-3 Supplement, Biotin (Vitamin B-7), Menadione Sodium Bisulfite Complex (Vitamin K)), MINERALS (Zinc Sulfate, Ferrous Sulfate, Manganese Sulfate, Copper Sulfate, Calcium Iodate, Sodium Selenite), Yellow 5, Citric Acid, Yellow 6, Red 40, Blue 2, Bha (A Preservative), Bht (A Preservative). F619922.",1.78,Crunchy Cat Treats,"Friskies Party Mix Morning Munch Crunch Cat Treats, 2.1 oz.",4.9
Temptations,"Chicken By-Product Meal, Ground Corn, Animal Fat (preserved with Mixed Tocopherols), Brewers Rice, Wheat Flour, Dried Meat By-Products, Natural Flavors, Brewers Dried Yeast, Potassium Chloride, Choline Chloride, Salt, Taurine, DL-Methionine, Calcium Carbonate, DL-Alpha Tocopherol Acetate (source of Vitamin E), Zinc Sulfate, Natural Salmon Flavor, Red #40, Mixed Tocopherols (preservative), Dried Cheese, Copper Sulfate, Vitamin A Acetate, Niacin Supplement, Vitamin B12 Supplement, Riboflavin Supplement, Manganese Sulfate, Thiamine Mononitrate, D-Calcium Pantothenate, Biotin, Vitamin D3 Supplement, Potassium Iodide, Pyridoxine Hydrochloride (Vitamin B6), Folic Acid.",15.48,Crunchy Cat Treats,"Temptations Classics Tasty Chicken Flavor Crunchy and Soft Cat Treats, 30 oz.",4.8
WholeHearted,"Chicken: Chicken Broth, Chicken, Tapioca Starch, Natural Flavor, Vitamin E Supplement; Tuna: Fish Broth, Tuna, Tapioca Starch, Natural Flavor, Vitamin E Supplement; Salmon: Water Sufficient For Processing, Salmon, Tapioca Starch, Sunflower Oil, Natural Flavor, Guar Gum.",4.39,Cat Treats,"Whole Hearted Squeezable Puree Cat Treat Variety Pack, 0.5 oz., Count of 6",4.5
Temptations,"Chicken By-Product Meal, Ground Corn, Animal Fat (Preserved With Mixed Tocopherols), Brewers Rice, Wheat Flour, Dried Meat By-Products, Natural Flavors (Source Of Liver Flavor), Brewers Dried Yeast, Potassium Chloride, Choline Chloride, Caramel Color, Salt, Taurine, Dl-Methionine, Calcium Carbonate, Dl-Alpha Tocopherol Acetate (Source Of Vitamin E), Zinc Sulfate, Mixed Tocopherols (Preservative), Natural Beef Flavor, Red #40, Dried Cheese, Copper Sulfate, Vitamin A Acetate, Niacin Supplement, Vitamin B12 Supplement, Riboflavin Supplement, Manganese Sulfate, Thiamine Mononitrate, D-Calcium Pantothenate, Biotin, Vitamin D3 Supplement, Potassium Iodide, Pyridoxine Hydrochloride (Vitamin B6), Folic Acid Please Reference Ingredient Image For Complete Ingredient List.",8.48,Crunchy Cat Treats,"Temptations MixUps Crunchy and Soft Cat Treats Backyard Cookout Flavor, 16 oz.",4.7
WholeHearted,Salmon,2.6,Natural Cat Treats,"WholeHearted Protein-Rich Salmon Filet Cat Treat, 1 oz.",4.7
Temptations,"Chicken By-Product Meal, Ground Corn, Animal Fat (preserved with Mixed Tocopherols), Brewers Rice, Wheat Flour, Dried Meat By-Products, Natural Flavors, Brewers Dried Yeast, Potassium Chloride, Choline Chloride, Salt, Caramel Color, Taurine, DL-Methionine, Calcium Carbonate, DL-Alpha Tocopherol Acetate (source of Vitamin E), Zinc Sulfate, Natural Tuna Flavor, Mixed Tocopherols (preservative), Dried Cheese, Copper Sulfate, Vitamin A Acetate, Niacin Supplement, Vitamin B12 Supplement, Riboflavin Supplement, Manganese Sulfate, Thiamine Mononitrate, D-Calcium Pantothenate, Biotin, Vitamin D3 Supplement, Potassium Iodide, Pyridoxine Hydrochloride (Vitamin B6), Folic Acid Please reference ingredient image for complete ingredient list.",3.98,Crunchy Cat Treats,"Temptations Classic Tantalizing Turkey Flavor Cat Treats, 6.3 oz.",4.7
Tiki Cat,"Chicken broth, chicken, dried egg, natural tuna flavor, natural chicken flavor, xanthan gum, fish extract, salt.",4.94,Grain Free Cat Treats,"Tiki Cat Stix Chicken Mousse Cat Treats, 0.5 oz., Count of 6",4.6
Temptations,"Chicken By-Product Meal, Ground Corn, Animal Fat (preserved with Mixed Tocopherols), Brewers Rice, Wheat Flour, Dried Meat By-Products, Natural Flavors, Brewers Dried Yeast, Potassium Chloride, Choline Chloride, Salt, Dried Skim Milk, Taurine, DL-Methionine, Calcium Carbonate, DL-Alpha Tocopherol Acetate (source of Vitamin E), Zinc Sulfate, Mixed Tocopherols (preservative), Dried Cheese, Copper Sulfate, Vitamin A Acetate, Niacin Supplement, Vitamin B12 Supplement, Riboflavin Supplement, Manganese Sulfate, Thiamine Mononitrate, D-Calcium Pantothenate, Biotin, Vitamin D3 Supplement, Potassium Iodide, Pyridoxine Hydrochloride (Vitamin B6), Folic Acid.",8.48,Crunchy Cat Treats,"Temptations Classics Creamy Dairy Flavor Crunchy and Soft Cat Treats, 16 oz.",4.9
PureBites,American Sourced Wild-Caught Human Grade Salmon.,11.59,Crunchy Cat Treats,"PureBites Freeze Dried Salmon Cat Treats, 2.0 oz.",4.5
Meowijuana,Not Provided,9.99,Catnip & Cat Grass,"Meowijuana Purple Passion Cat Catnip, .917 oz.",4.4
Blue Buffalo,"Chicken Liver, Chicken Meal, Chicken Fat, Brown Rice, Barley, Oatmeal, Tapioca Starch, Natural Flavor, Peas, Deboned Beef, Brewers Dried Yeast, Dried Whey, Pork Fat, Lecithin, DL-Methionine, Taurine, preserved with Citric Acid and Mixed Tocopherols, Dried Cultured Whey, Glucono-Delta-Lactone, Potassium Chloride, Yeast Extract, Oil of Rosemary.",8.98,Crunchy Cat Treats,"Blue Buffalo Bursts Feline Chicken Liver and Beef Flavour Cat Treats, 12 oz.",4.6
PureBites,American Sourced Wild-Caught Human Grade Minnow.,11.59,Natural Cat Treats,"PureBites Freeze Dried Minnow Value Size Cat Treats, 2.3 oz.",4.5
Fancy Feast,"Liver Flavor, Beef Fat Preserved With Mixed-Tocopherols, Partially Hydrogenated Vegetable Oil, Natural Chicken Flavor. A642521.",2.99,Cat Treats,"Fancy Feast Savory Cravings Limited Ingredient Chicken Flavor Cat Treats, 1 oz.",4.4
Fancy Feast,"Liver Flavor, Beef Fat Preserved With Mixed-Tocopherols, Partially Hydrogenated Vegetable Oil, Brewers Dried Yeast, Crab Flavor. A642120.",5.99,Crunchy Cat Treats,"Fancy Feast Limited Ingredient Savory Cravings Beef & Crab Flavor Cat Treats, 3 oz.",4.4
Reveal,Tuna.,2.48,Grain Free Cat Treats,"Reveal Natural Grain Free, Real Protein Fillet Whole Tuna Loin Single Ingredient Cat Treats, 1.06 oz.",4.8
Temptations,"Chicken By-Product Meal, Animal Fat (preserved with Mixed Tocopherols), Ground Corn, Wheat Flour, Dried Meat By-Products, Brewers Rice, Powdered Cellulose, Natural Flavors, Plain Dried Beet Pulp, Corn Gluten Meal, Potassium Chloride, Choline Chloride, Salt, Taurine, DL-Methionine, Calcium Carbonate, Mixed Tocopherols (preservative), DL-Alpha Tocopherol Acetate (source of Vitamin E), Zinc Sulfate, Copper Sulfate, Vitamin A Acetate, Niacin Supplement, Vitamin B12 Supplement, Riboflavin Supplement, Manganese Sulfate, Thiamine Mononitrate, D-Calcium Pantothenate, Biotin, Vitamin D3 Supplement, Potassium Iodide, Pyridoxine Hydrochloride (Vitamin B6), Folic Acid.",3.98,Crunchy Cat Treats,"Temptations Indoor Control Chicken Flavor Cat Treats, 4.9 oz.",4.6
Greenies,"Chicken Meal, Brewers Rice, Animal Fat (Preserved with Mixed Tocopherols), Wheat Flour, Animal Plasma, Ground Whole Wheat, Natural Flavors, Fish Oil, Brewers Dried Yeast, Fruit Juice Color, Potassium Chloride, Choline Chloride, Salt, DL-Methionine, Taurine, Calcium Carbonate, Zinc Sulfate, Vitamin E Supplement. Ferrous Sulfate, Mixed Tocopherols (preservative), Copper Sulfate, Vitamin A Supplement, Citric Acid (preservative), Niacin Supplement, Vitamin B-12 Supplement, Riboflavin Supplement (Vitamin B2), Manganese Sulfate, Thiamine Mononitrate (Vitamin B1), D-Calcium Pantothenate (Vitamin B5), Pyridoxine Hydrochloride (Vitamin B6), Vitamin D3 Supplement, Biotin, Potassium Iodide, Folic Acid, Rosemary Extract",3.28,Cat Dental Treats & Chews,"Greenies Smartbites Chicken Flavor Healthy Kitten Treats, 2.1 oz.",4.8
Friskies,"Brewers Rice, Chicken By-Product Meal, Beef Fat Preserved With Mixed-Tocopherols, Corn Protein Meal, Animal Liver Flavor, Fish, Natural And Artificial Flavors, Dried Yeast, Phosphoric Acid, Calcium Carbonate, Potassium Chloride, Cheese Powder (Source Of Cheddar Cheese Flavor), Salt, Choline Chloride, Taurine, L-Ascorbyl-2-Polyphosphate (Vitamin C), MINERALS (Zinc Sulfate, Ferrous Sulfate, Manganese Sulfate, Copper Sulfate, Calcium Iodate, Sodium Selenite), VITAMINS (Vitamin E Supplement, Niacin (Vitamin B-3), Vitamin A Supplement, Calcium Pantothenate (Vitamin B-5), Thiamine Mononitrate (Vitamin B-1), Riboflavin Supplement (Vitamin B-2), Vitamin B-12 Supplement, Pyridoxine Hydrochloride (Vitamin B-6), Folic Acid (Vitamin B-9), Vitamin D-3 Supplement, Biotin (Vitamin B-7), Menadione Sodium Bisulfite Complex (Vitamin K)), Yellow 5, Citric Acid, Yellow 6, Red 40, Blue 2, Bha (A Preservative), Bht (A Preservative). H619422.",1.78,Crunchy Cat Treats,"Friskies Party Mix Wild West Crunch Cat Treats, 2.1 oz.",4.8
Friskies,"Chicken Meal, Brewers Rice, Animal Fat Preserved With Mixed-Tocopherols, Corn Gluten Meal, Natural Flavor, Tuna, Malted Barley Extract, Phosphoric Acid, Calcium Carbonate, Dried Yeast, Salt, Choline Chloride, Dehydrated Seaweed Meal, Sunflower Meal, Cranberries, Vitamins (Vitamin E Supplement, Niacin (Vitamin B-3), Vitamin A Supplement, Calcium Pantothenate (Vitamin B-5), Thiamine Mononitrate (Vitamin B-1), Riboflavin Supplement (Vitamin B-2), Vitamin B-12 Supplement, Pyridoxine Hydrochloride (Vitamin B-6), Folic Acid (Vitamin B-9), Vitamin D-3 Supplement, Biotin (Vitamin B-7), Menadione Sodium Bisulfite Complex (Vitamin K)), Dried Carrots, Dried Peas, Minerals (Zinc Sulfate, Ferrous Sulfate, Manganese Sulfate, Copper Sulfate, Calcium Iodate, Sodium Selenite), Taurine, Citric Acid. E623218.",7.29,Soft & Chewy Cat Treats,"Friskies Party Mix Natural Yums With Real Tuna Cat Treats, 20 oz.",4.8
Greenies,"Chicken Meal, Ground Wheat, Brewers Rice, Corn Gluten Meal, Poultry Fat (Preserved with Mixed Tocopherols), Oat Fiber, Natural Poultry Flavor, Salmon Meal, Ground Flaxseed, Brewers Dried Yeast, Potassium Chloride, Calcium Carbonate, Salt, Choline Chloride, Citric Acid (a Preservative), Fruit Juice Color, Taurine, DL-Methionine, Mixed Tocopherols (a Preservative), DL-Alpha Tocopherol Acetate (Source of Vitamin E), Ferrous Sulfate, Turmeric Color, Zinc Sulfate, Niacin Supplement, Zinc Oxide, Copper Sulfate, D-Calcium Pantothenate (Vitamin B5), Vitamin A Supplement, Thiamine Mononitrate (Vitamin B1), Manganous Oxide, Riboflavin Supplement (Vitamin B2), Pyridoxine Hydrochloride (Vitamin B6), Biotin, Vitamin B12 Supplement, Vitamin D3 Supplement, Sodium Selenite, Folic Acid, Calcium Iodate, Cobalt Carbonate, Rosemary Extract.",22.98,Cat Dental Treats & Chews,"Feline Greenies Natural Savory Salmon Flavor Adult Dental Cat Treats, 21 oz.",4.5
PureBites,100% Pure Wild-Caught Shrimp,4.69,Crunchy Cat Treats,"PureBites Freeze Dried Wild-Caught Shrimp Value Size Cat Treats, 0.38 oz.",4.5
Greenies,"Chicken Meal, Animal Fat (Preserved with Mixed Tocopherols), Brewers Rice, Ground Whole Wheat, Wheat Flour, Animal Plasma, Natural Flavors, Fish Oil, Brewers Dried Yeast, Potassium Chloride, Whole Flaxseed, Choline Chloride, Dicalcium Phosphate, Fruit Juice (color), Taurine, Salt, DL-Methionine, Calcium Carbonate, Zinc Sulfate, Vitamin E Supplement, Natural Salmon Flavor, Turmeric Oleoresin (color), Citric Acid (Preservative), Ferrous Sulfate, Mixed Tocopherols (Preservative), Copper Sulfate, Vitamin A Supplement, Niacin Supplement, Vitamin B12 Supplement, Riboflavin Supplement (Vitamin B2), Manganese Sulfate, Thiamine Mononitrate (Vitamin B1), D-Calcium Pantothenate, Pyridoxine Hydrochloride (Vitamin B6), Vitamin D3 Supplement, Biotin, Potassium Iodide, Folic Acid, Rosemary Extract. Please reference ingredient image for complete ingredient list.",19.98,Cat Treats,"Greenies Smartbites Chicken Flavor Skin & Fur Health Crunchy and Soft Natural Cat Treats, 16 oz.",4.8
